<?xml version="1.0" encoding="UTF-8"?>
<project-private xmlns="http://www.netbeans.org/ns/project-private/1">
    <editor-bookmarks xmlns="http://www.netbeans.org/ns/editor-bookmarks/2" lastBookmarkId="0"/>
    <open-files xmlns="http://www.netbeans.org/ns/projectui-open-files/2">
        <group>
            <file>file:/C:/Users/leona/OneDrive/Documentos/NetBeansProjects/3parcial_roles/src/java/conexion_usuarios/PruebaUnitaria1.java</file>
            <file>file:/C:/Users/leona/OneDrive/Documentos/NetBeansProjects/3parcial_roles/web/agregarusuario.jsp</file>
            <file>file:/C:/Users/leona/OneDrive/Documentos/NetBeansProjects/3parcial_roles/web/index.html</file>
            <file>file:/C:/Users/leona/OneDrive/Documentos/NetBeansProjects/3parcial_roles/src/java/conexion_usuarios/PruebaUnitaria2.java</file>
            <file>file:/C:/Users/leona/OneDrive/Documentos/NetBeansProjects/3parcial_roles/web/altausuarios.jsp</file>
            <file>file:/C:/Users/leona/OneDrive/Documentos/NetBeansProjects/3parcial_roles/web/loginservlet.jsp</file>
            <file>file:/C:/Users/leona/OneDrive/Documentos/NetBeansProjects/3parcial_roles/web/login.jsp</file>
            <file>file:/C:/Users/leona/OneDrive/Documentos/NetBeansProjects/3parcial_roles/web/registroservlet.jsp</file>
            <file>file:/C:/Users/leona/OneDrive/Documentos/NetBeansProjects/3parcial_roles/src/java/conexion_usuarios/ConexionUsuarios.java</file>
            <file>file:/C:/Users/leona/OneDrive/Documentos/NetBeansProjects/3parcial_roles/web/error.jsp</file>
            <file>file:/C:/Users/leona/OneDrive/Documentos/NetBeansProjects/3parcial_roles/web/registro1.jsp</file>
        </group>
    </open-files>
</project-private>
